力荐,2020-04-09,如果你不喜欢这部动画电影，那么它不是为你准备的，故事的终章是为真正有童年，不忘初心，老漫迷的人而准备的。
还行,2020-02-21,您就是吹哨人太一？
推荐,2020-09-17,光子郎当上了公司总裁，美美在直播带货做微商，我从三流大学毕业。我们都有光明的未来
推荐,2020-02-21,"虽然很多遗憾，初代8人的合体没能上演，几位数码宝贝只打了酱油，武之内空更是钱没给够连全身镜头都没有，但这部应该是看了这么多年数码宝贝到了这个年纪的人最能共鸣的剧情，升学，就职，变得平庸，也许还嘲笑年少的自己。一直以来，数码宝贝想要传达的是友情，信念，初心，直面自我的勇气，这一部想要引导我们思考的是当我们站在人生的分岔路，跟过去告别的意义。
「無事に戻ってこいよ、少年たち。」"
还行,2020-02-23,制作还行，但问题也很多，既然都这样了，这一代的故事就别再出下去了...
,2020-05-17,把「一切都是美國佬搞事」這個命題拍得出神入化。
推荐,2020-05-16,孩童時代想快點長大成人，長大後卻想做回小朋友。人生真難。
还行,2020-07-27,社畜有被内涵到
还行,2020-10-29,打斗场面让人眼花缭乱 绝招根本看不清 进化也不再存粹 想要通过一些剧情来反映现实根本一点都不适合这部动画片 他们本身就应该停留在1999年的那个夏天
推荐,2020-02-22,"童年情怀真香啊~
  成长是永远的主题啊。当初第一批看数码宝贝的孩子估计现在也长到和主角们一样的年纪，面临着同样的人生选择。但是能陪伴一生的朋友是不存在的，尽管如此那些一起生活的时光，生活的点点滴滴，就是羁绊啊，虽故人不在，但那份感动那份记忆是永远存在于人心中的。
  人啊不能太过于执着于过去，要有向着未来与梦想前进的勇气啊。未来一定会再次相见的 亚古兽!"
很差,2020-02-03,点映 知道的剧情 孩子们的数码宝贝都没有究极体进化 甚至完全体都没有 只有仙人掌 兽 海狮兽 和比多兽 没有座天使 也没有炽天使 甚至素娜都没有参战 镜头很少很少  所以可想而知了
较差,2020-08-05,不！满！意！等了大半年你就给我看这个？除了光叔的op、吹哨杀、有轨电车这些细节让人觉得还在看数码宝贝，别的还有啥？节奏不停赶，打斗也不精彩，最重要的进化段落就简化成两道光，最后那两只丑丑的半兽人是什么鬼，所谓的迎合初代目粉丝的情怀，居然连八只合体都没有，更别提究极进化了，屁都没看到。无语死。你们说的道理我都懂，什么童年伙伴不可能一起走到最后的，有的人走着走着就散了，I know，我接受，但至少给个有说服力的心理转变吧？你想讨好粉丝，又不想发糖，走深度又上不去（这个主题难道Toy3里面不就用过了吗？），东映你没有心。初代目的主角永远是八个人，既然只有太一跟阿和拿了主角剧本，那麻烦编剧改成BL漫，我可以考虑一下改星。真是气死。
还行,2020-08-12,诸多不满意，但是情怀让我无法给差评。太一他们长大了，现实中的我也不再是小学时候第一次看它们的模样了。为了这20周年纪念日就暂时忍一忍分开一下吧，太一和亚古兽一定会在见面的，就像如今的我，也依然会看《数码宝贝》。
还行,2020-08-10,"1.我们都已长大，可数码宝贝永远不会变。《Butter-Fly》一响起就泪目了！！！我的童年啊！！！
2.初代八人未同框，素娜没有参战，全片更是酱油到只是出来露个脸。差评！"
力荐,2020-02-24,"这是一部送给和数码宝贝一起成长的你。
简单来说，如果你曾经在电视机前追过数码宝贝的话，这是一部眼角带着泪水看到结尾的作品。
说的夸张点观后想到某个桥段或者与人谈起都会泪目的作品。看着太一一边打工一边在居酒屋喝着酒和阿和一起为自己未来着急，谈笑着说着亚古兽他们完全没有改变的时候我才发现他们和我一样终于长大了。
伴着阿和的口琴声与亚古兽道别之时讨论着明天要干什么等等等。。。
这不是一部只有butterfly和进化的作品，它有着我们这代人太多的值得回味与细品的东西。
向我的童年与青春致个敬！(补充)看评论里有很多谈到素娜没有戏份这件事情东映在电影公开前在YouTube上公开了一部前日谭说明了这场最后的进化里没有素娜的戏份的具体原因推荐看了前日谭之后再看本篇会比较能接受。"
推荐,2020-02-28,我永远喜欢数码宝贝。
力荐,2020-02-21,看到热泪了。串联起二十年的回忆，从滚球兽诞生，到我们的战争游戏，阿和的口琴，太一的护目镜，第一部结局的电车，完完全全的粉丝向大放送，每一个点都是深爱数码宝贝的人记得的，全篇主题也是为我们这群看着数码宝贝长大的孩子们写的，我们是少了更多可能性，就算是离开了彼得潘的梦幻岛，我们不因为沉迷过去的梦幻乡而停止不前，哪怕离开童年最爱的事物很会痛苦，我们也学会了承担更多责任，有太一和孩子们的brave heart往前迈下去，从来没有这么看懂数码宝贝一次，过去都只是隐隐预约记住八个孩子的徽章意义，但整个数码宝贝作品回头细看都有非常多作者想要表达的本意和思考的问题，小孩子的我未能全部理解。本部结局与第二部结尾不同，或者至少没有补全。这是数码二十年最好的总结，谢谢这二十年以及所有陪伴的孩子们，
推荐,2020-07-31,1.隔壁《神奇宝贝》《哆啦A梦》《名侦探柯南》的小孩子主角们这么多年过去了依然还是小孩子，而《数码宝贝》的小主人公们倒是都长大了；2.……我们都要接受自己的选择。我们可能无法改变命运，但，我们的人生并没有被决定，所以我们永不放弃。3.曾经一起追看第一部《数码宝贝》动画的小伙伴们如今大多没了联系，有些甚至不知道他们如今身处何地？过着怎样的生活？……
推荐,2020-07-28,画风很喜欢，时间轴比tri更延后，主人公跟着观众一起又长大了，质量也比tri好很多！梅诺这种反派方式的新加入，都比tri的眼镜女更让人觉得顺心。虽然没有初代合体，但初代和二代是完整的主角，更符合“不要沉湎于过去，要向未来看去”的主题。智能手机的进化方式很可以，可以出手游。开场半小时就合体进化为了奥米加兽，太强了！小时候是被选中的孩子，长大后却找不到工作，也太惨。陪君千里，终有一别，以后就是太一和大和在一起相互依靠了～
力荐,2020-02-27,Bgm一响我就泪流满面 最后结束了大家安安静静看完字幕 沉默着退场 没有一个人说一句话
还行,2020-07-29,那年夏天已经远去了。
力荐,2020-02-29,吊打tri几百条街。官方终于懂了。我可能会吹过头，但是香是真的香。首先情怀特别足！光叔版的butter-fly，宫叔版的brave heart。bgm都是初代的原汁原味。进化动画完美还原初代动画。开头的打戏也特别精彩，作画流畅！虽然突然有些迷之3D建模或者路人，但是整体看下去都无伤大雅。剧情虽然不是特别出彩，反转也意料之中。但是各种彩蛋，细节，演出都太棒了。彩蛋！不仅有初代和02tv正剧的，还有初代和02的四部剧场版的彩蛋，当然也有tri的。细节和演出！印象最深的就是女研究员脸上划过雨滴的影子和两只蝴蝶飞向远方等等，演出都特别棒！煽情也点到为止。妈的我差点哭了。结尾曲完美衔接02大结局。遗憾也有，没有八个一起的进化动画，苏娜惨，比丘兽惨。最后的打戏再多打点就好了。但瑕不掩瑜！很香！很满足！
推荐,2020-09-17,太适合跟一年未见的弟弟在家里看了。两个死忠粉，一段永恒闪光的共同回忆。剧场版侧重怀旧，却更是一个高光却残忍的终篇，我们一大截童年终结在离别的列车上，得知这些年相互陪伴，像是心头也有一些柔光始终未散，于是哪怕是反派，也诉着我们无法再诉的衷肠，只是向来好心异化，总是不堪一击。奈何引向这样的夕阳，特别理解阿空的抉择。始终是太一与大和的主场，八人不齐，是心头永远填不上的遗恨啊。
很差,2020-05-09,气死我了，忍不住哭出声，骗我电影票钱来这里丢脸，去死好吗，凭什么长大后不会能跟数码宝贝在一起，强行安排这种剧情有意思吗，我打着段字的时候还有人回头看我，全电影院就我哭最爽可以了吧，后面那个男的擤鼻涕这么大声你怎么不看他看我？气死了
还行,2020-10-24,数码宝贝世界禁止45岁以上卖菜实锤（求求了也把我意识抽走让我永远活在梦幻岛吧
推荐,2020-08-18,聚散终有时
力荐,2020-02-28,整体好看的！比tri强了不止一星半点，保留了最初版本的进化画面，打斗场面好看，最后看哭了。和太一同一个学校，用同一栋教学楼同一个食堂很开心了哈哈哈。
较差,2020-07-27,不如改成叫太一阿和历险记好了，我想看群像，想看所有数码宝贝最后并肩作战！
推荐,2020-08-11,“你们长大了，我们很高兴。”最终我们无可避免地长大，也无可避免地迎来了告别。虽然结尾很悲哀，但太一和大和还是英姿勃发的少年模样。努力成长吧，一定会遇见更多冒险的！
推荐,2020-09-08,你长大了，其实，我们都长大了吖
较差,2020-08-02,非常失望，情怀都卖不好。主角是八个人，不是只有两个！
力荐,2020-02-22,最好的成长，是与并肩冒险的伙伴告别，在无限大的天空独自飞翔。
还行,2020-07-27,成长既告别，如果可以谁想从合法中二变成傻逼成年人，这次连“纸片人”“纸片兽”都来告别了，爷的青春果然回不去了。这部剧场版的剧情简单，重要的是因为剧情简单导致的定位尴尬，面向的应该看着初代数码宝贝长大的观众，都是已经长大的人了，还用这种子供向的剧情，所以陷入的也只是对过去情怀的自我感动了
力荐,2020-05-21,"说是命题作文也好，但站在这个节点怎么能不被打动……从天使兽出现、阿和摘下头盔、光子郎的乌龙茶，到最后的沉默、泪水和夕阳。谁都会害怕改变害怕分别，但让人有勇气前进的正是那些羁绊与约定，是即便不同也依然存在无限可能的未来。
回忆中的Butterfly会是一直守护大家的Butterfly，平行世界里的冒险永远都是进行时。"
很差,2020-07-30,7.8分不知道怎么来的，tri也算情怀，这个也是情怀，同样都挺烂的不知道为什么这个能被人接受，主题是在告别童年学会长大，但同样的方式《stand by me》难道不是做的比这个好太多了吗
还行,2020-08-09,在我心中，他们的告别停留在第一部
还行,2020-10-30,这个“告别”的立意真的是杀人诛心。太一与亚古兽再见，我与数码宝贝大冒险告别。你所眷恋的温柔港湾，也在督促你赶快面对现实。但这部剧场版的制作也很有问题，一眼就能看穿的做作煽情场景和分镜设计实在是有点尴尬，很可惜。
力荐,2020-02-22,日本上映了，国内何时看得到呢？
还行,2020-08-04,呃。。所以为啥读大学了就是变成成年人了啊。。很多地方逻辑上真的很牵强。。。
力荐,2020-08-15,"被社会毒打完的又一周，深夜看哭成傻子。瞄准了我们这个年龄层的受众。
关于成长的主题，能阐述得细腻不矫情。
一方面是随着长大渐渐淡去的个人色彩，泯然众人矣的现实，须缄默接受。另一方面是必须选择、放弃、妥协，才能前进一些。
两股力在一起，曾经被选召的耀眼孩子，也成了失去数码兽、为找工作烦恼的普通成年人。
Ok fine.
爱BGM."
力荐,2020-08-10,太写实了  太悲伤了  所有被选中的孩子都无法逃脱的宿命：「长大成年」  这个定义是：臣服现实  放弃梦想  失去了可能性  就像22岁的应届毕业生八神太一  把亚古兽放在老家  一个人租着房子打零工喝闷酒看小黄书打飞机的社畜单身狗生活  他的迷茫是所有成年人的迷茫  于是他开始失去被选中的资格…
推荐,2020-07-28,被选召的孩子们如果选择长大，就必须要和自己的数码兽告别，而童年时曾经流连于数码世界的我们也早已长大成人告别青春，到了不得不以自己的方式与现实世界战斗的时候了。
推荐,2020-08-09,哭的稀里哗啦的，为什么长大就要和数码兽分开，大人也需要数码兽啊！
力荐,2020-10-19,依稀记得小时候有一集数码宝贝是太一他们和自己的数码宝贝分开，回到了现世。当时其实不太看得懂，但还是觉得好难过好难过，哭的撕心裂肺。过了这么多年，真的到了分别的时候了，自己还是忍不住掉眼泪。所谓成长，大概就是和自己珍视的一切慢慢告别。
力荐,2020-09-07,这真是一部对特定的人们来说，一部划时代的、震撼的作品。
推荐,2020-10-29,我们总是诟病隔壁的哆啦A梦和柯南不会长大 然而但当发现这边厢数码暴龙被选中的孩子都已经工作了 又会感叹时间快得残酷。老实说 这电影不太好看 打斗不精彩 这8个孩子甚至都没有同框 但是啊 太一的吹哨、大家的互动、还有穿插的那些回忆的片段还是让当年追第一代数码暴龙的我们触动心头了不是吗？最关键的是 这电影教会了我们 哪怕过去是美好的 但是总抓住以前只会让人没有进步 乐观地往前看 那才是人生 那才是成长。
力荐,2020-10-18,亚古兽：“太一，你明天做什么？” 太一：“明天啊...” 镜头一转 来不及说的再见和止不住的泪水..告别没有轰轰烈烈的场面，越平淡越遗憾越想哭。可人啊 就是要长大啊。和自己的过去告别、和自己的青涩告别、和自己的种种遗憾告别。然后去开启新的冒险和征程。
还行,2020-02-21,以下碎碎念：比tri是要好一点的。但是诚意还是不足。主角组肯定也不会就这么没了，不然你们要把第二部结局那个全家福吃了吗？（那好啊把拉郎配CP也吃了吧）所以过几年又来个骗情怀企划弄回来呗？最后主角组的进化怎么看怎么像四代主角组的废案。
推荐,2020-08-18,"所以阿丈终于不考试了，年纪最大还和哥玛兽在一起是因为还没想好要去做哪个科室的医生？最后只能跑去治数码兽。
cp估计还是和空，因为太一还在看本子，阿和从玩乐队到开机车依旧那么帅，太一从阿和那里才知道阿空沉迷插花，空不喜欢打架是真的，但怎么觉得还是因为想卖腐，啧，自从有了皇骑就天天消费奥米加，最终进化还以为斗士精神了。
不想长大，但敢于长大承担分别的痛苦是人生的不可避免。
不过趋势似乎还是02大结局，外交官，宇航员，卖拉面，光子郎美美双总裁人生赢家，问题是小贤和阿京看上去还没什么真是急死人了（）"
力荐,2020-08-05,长大的只是我们，他们还是童年的样子。至少你还可以买新玩具呀
很差,2020-10-30,"#数码宝贝 最后进化#
前十五分钟          10/10
后一个半小时       1/10
这片子最好的打开方式就是看完前十五分钟就跑，与其叫最后进化不如叫太一和阿和的婚后生活。这tm在演啥啊？数码宝贝从来是八个主角，阿助美美光子郎超进化都没有，阿武嘉儿纯工具人，素娜就两个镜头一句我相信你们就不参战了，战斗暴龙兽和钢铁加鲁鲁没有，最后究极进化出两个赛尔号画风的丑b。情怀都不会卖吗？本来好好拍这结局能赚足眼泪，但是现在我真的气的只想笑。幸亏是这结局，别再拍了，求你们了，别拍了。he,tui"
还行,2020-10-26,亚古兽说“看到长大成人的你们，真的很欣慰”，老子哭了，稀里哗啦的。
还行,2020-07-11,长大以后就都变成社畜了 与数码宝贝的羁绊也没有了 长大以后就没有数码宝贝了
力荐,2020-05-31,我从没有为离别流过眼泪 就像离别对我的那样
,2020-05-31,這部電影叫 數碼暴龍之 我想不到論文題目
力荐,2020-09-14,全片处理的最好也是无关情怀却让我汗毛竖起的部分，就是最后没有声嘶力竭的告别，平淡的谈话中甚至还在计划明天，亚古兽和加布兽就消失了。成长中的好多离别，都是悄无声息的，好多人和事来不及说再见，就再也没见过了……
力荐,2020-09-17,"这部电影是绝对的粉丝向，没有看过数码宝贝大冒险01,02，或者是觉得这两部不好看的人，请千万不要去看。先说缺点，最大的割裂来自于主角们都和当年的观众一样已经长大成人，世界观设定还是动画片的级别，违和感很大。其次主要矛盾来自于数码兽会随着孩子“可能性”的消退而消失的设定，这您之前这么多部可是提都没提啊！虽然催泪是催泪，细想还是觉得有点太都和了。最终战的战斗场面着实有点拉胯，再加上其他数码宝贝遮遮掩掩，镜头真的就几个。优点有神级的配乐，真是让人起鸡皮疙瘩；对于成长这一话题还算不错的讨论-虽然无限月读和勇于向前的冲突在日本作品里真是用烂了，放在这个动画的设定下还是蛮合适的。最后居然02系那么不受待见的角色还有几个镜头，也值了。"
还行,2020-10-30,有几处还稍能让人眼泪水在眼眶打转，但剧场版的通病也同样一个没落下，缺乏个性、无趣的反派、过多人物的加入、情节过于走马观花巴拉巴拉，最能引起情怀共鸣的基本是主题曲和几首插曲的回归。
力荐,2020-10-30,可以无视tri，这部才是初代的正式续集以及结局。情怀拉满，这已经不是一个冒险故事，而是一个和过去告别的电影，是拍给已经长大的我们的，长大后想回到小时候无忧无虑的夏天，那些放学回家看数码宝贝的日子，如何不想念呢？当太一吹响哨子的时候，唤起了所有的回忆，那一刻我们都是被选召的孩子。我看的是国语版，相比于日语版还是国语版更有“原汁原味”的童年味道，日语版的人名翻译不适应。遗憾还是有的，战斗暴龙兽和钢铁加鲁鲁兽没有登场，一直期待的究极进化始终没有，其他数码宝贝的完全体也没有出现，初代8人没有同框，素娜完全打酱油。如果你是数码宝贝的粉丝，请忘掉tri，去电影院看看初代的结局吧。
还行,2020-04-06,看了第一集，感觉没有那么心潮澎湃，可能是bgm的关系，配乐不是差得一丁半点！
还行,2020-10-24,哇！一转眼原来已经过去20年了！第一次在电影院里听光叔唱《Butter fly》，还是有所触动的，虽然因为时间太久很多名字已经完全忘记了，但是当进化的音乐响起来，像机械暴龙兽、钢铁加鲁鲁等进化谱系也逐渐从大脑里浮现。电影选择的表现的主题还是很好的，毕竟我们的成长是不可逆的，再好的小伙伴之间的关系也早晚会疏远会遗忘甚至消失，但是那份美好的记忆值得怀念值得留恋值得被铭记。只是也许是我的心境早就不是小学生那会儿的样子了吧，如今看着银幕中那些也同样长大的角色，而且非常时髦，总觉得怪怪的，说明确实回不去了。另外进化、打斗等还是看得不够过瘾，整体效果在我这里只能算差强人意吧，时间过得真快啊！
推荐,2020-08-13,我说什么来着，都这样了，太一和阿和还不安排结婚编剧就自己切腹吧！
推荐,2020-07-29,被tri搞怕了。看之前一直在怀疑本片的圈钱实质，成品质量挺不错。开场鹦鹉兽从午夜降临变成大白天阻击，古典启蒙波莱罗，标准战歌butterfly、二代全员登场、太一吹响哨子赚足粉丝情怀。最后的进化是我们带着自己的童年回忆，与长大的自己融为一体，勇敢地走向未来的进化。片尾暗示回归可以但没必要。可我们终究是要长大的呀
推荐,2020-07-29,童年！
力荐,2020-10-24,BGM一起，眼泪就止不住。（评分没有任何参考性只因为儿时情怀）
推荐,2020-07-28,"以这样的方式告诉我们长大就是离别，需要这么残酷吗。3星的剧情，一直等到最后也没能看见想看的那个""彩蛋""。小时候会盼望着正义战胜邪恶，长大以后看见美国佬一登场就知道肯定是幕后黑手。和太一大和同岁也有些一样的烦恼，只是我们从来不是那个拥有潜力，被选中的孩子，所以不必告诉我们未来有多么充满希望，因为我们从未看见希望"
较差,2020-07-30,告别童年啊。可是童年早就不在了
推荐,2020-10-13,素娜钱没给到位，比二代的戏份都不如哈哈、太一阿和搞基双人组合体打不过，分开却赢了！boss差不多翻版究极吸血魔兽！音乐一起就是童年的味道。幸好嘉儿有哨子！！我永远喜欢数码宝贝亚古兽勇气。加布兽友情。甲虫兽知识。巴鲁兽纯真。哥玛兽诚实。天使兽希望。迪路兽光明。比丘兽爱心！！！（素娜给个结尾c位）
还行,2020-10-24,结束了也好 就不用一次又一次卖弄情怀了 最后的进化那段作画真是崩到无法直视 就像是吊车尾大学生连夜赶出来的毕设动画。（太一和阿和这是要在一起的节奏
推荐,2020-09-02,情怀和童年看的我泪流满面 虽然总要长大... 但世界还没被决定啊😭
推荐,2020-08-22,孩童时代想快点长大成人，长大后却想做回小朋友。
推荐,2020-10-18,这主题升华得挺好的，虽然故事也老套得可以
力荐,2020-09-25,不行了我哭晕了 为什么长大就是离别啊
推荐,2020-10-30,虽然…但是…
力荐,2020-10-30,"熟悉的曲子响起的时候，直接哭了。
“为什么数码宝贝要选孩子？因为孩子代表了无限的可能”。可是随着人们长大，可能性好像湮灭了，只有少数人幸运地保持着对未知的探索，眼里闪烁孩童般的光芒。虽然很多人的眼光黯淡了，但渴望自由的心一直蛰伏在内心深处，随时等待被唤醒。
一段好的关系也是如此：让对方和自己勇敢并展开更多的可能，使生命的道路更加广阔，这也是判别一段恋爱优劣的标准。
勇气、友情、爱心、知识、纯真、希望、光明。
感谢这样一部优质的动画伴随我的童年，在人类的历史上，唯有出现在这特定的时间和空间的一代人有如此的幸运。也是不能辜负这份幸运，要唤醒更多人眼中的光。"
推荐,2020-10-30,边啃着麦记九块九脆汁鸡腿，用票价十三块九的数码暴龙找回童年一角，这不就是童年简单的渴望么，鸡腿加动画，片头响起主题曲的刹那仍有血气忍不住上涌，摸摸自己疏于运动长了一夏天的肚膘，为啥忍不住还买了个草莓糯米糍呢，奢侈啊，就像童年的不自觉。想起来数码暴龙大概是最早接触到的类赛博朋克了。大人才能看的东西，是不是总要交出些代价。2D特别良心加一星。最后那里同场几位猛男似乎听到其中一位抽鼻子~
推荐,2020-09-16,“被选召的孩子们”长大成人后，数码宝贝也将随之消失…象征着终会消失的童年。当熟悉的音乐响起的时候，小时候的回忆就涌开了。最后一战，最后的进化，再见啦～
还行,2020-08-05,也许是tri让关P过于眷恋了，情怀拉满的结果是LE成了另一种《哆啦A梦：伴我同行》。但正如启迪关P制作DA的另一部《伴我同行》那样，走出童年的答案并不在目力所见的地平线上，它只是一直在成为大人们的孩子心里，我们不需要学习怎么去告别。世界变小只是因为外面还有更大的世界，明天吹着的是明天的风。
还行,2020-08-10,很不错，回忆
还行,2020-09-16,开场：爷的青春回来了！结尾：艹，把爷的青春还回来！（每首bgm响起都还是会有泪目的冲动
,2020-10-17,可以预见的主题，希望可以做的更悲剧些。
力荐,2020-09-08,无限大な梦のあとの 何もない世の中じゃ
推荐,2020-10-25,一代目们的第N次告别……
还行,2020-09-17,“你们长大了，我们很开心”···有点儿残忍 有点儿不好看
力荐,2020-07-20,吊打tri，除了画风和初代不是一致的，整个剧情流畅度，人设像极了他们该有的。眼含热泪，长大了就没有数码宝贝了，童年的小伙伴只属于童年。
推荐,2020-10-27,依旧是上来最热情的人物反而是boss/我想拯救你们为什么你们就是不听的套路 多一星给二代出现 V仔兽 虫虫兽 飞虫兽
力荐,2020-08-17,不知是不是长大的缘故 感觉电影剧情有点迷之煽情和跳脱、开头甚至一丝好莱坞超级英雄片的感觉...anyway，再见到我童年最爱动画真的太太太好哭了，依然爱数码宝贝，就算我们长大了，也要在不同的世界里相信和守护彼此呀
还行,2020-10-19,同样是讲成长和别离，《Toy3》是感动，这部是矫情。
推荐,2020-08-01,"今天是8.1，御台场纪念日。时代变了,曾经被暴龙兽打败的鹦鹉兽。现在居然要机械暴龙兽,兽人加鲁鲁,天女兽三只完全体才能打败。战力严重崩塌。前戏结束,正片开始。当光叔的Butter-Fly响起的时候有童年那味了。画风不错,画面精美。此次的主题不再是冒险而是告别童年后长大。无敌的奥米加兽又再次倒下了但这次表现的很不错。当太一吹响口哨闪现出小时候保护嘉儿的那一幕老泪纵横了。亚古兽和加布兽的人形新形态很有四代的感觉。这次二代主角团也终于有所表现了,遗憾的是没看到帝皇龙甲兽。最后当太一大和看到亚古兽和加布兽消失,暴龙机坏了。他们哭了的时候再次泪奔。长大就意味着告别童年也会失去很多东西。童年结束了,童年的冒险也结束了。长大后会有新的挑战,独自一人与现实世界的冒险和战斗开始了。数码一生推。8.2"
较差,2020-10-24,今天下午的超前点映，真是有够难看的，观影过程中让我不时发出“这什么鬼”的疑问。首先，这个画笔也太差了，连tri都不如，巴鲁兽丑得美美宁愿被吸走，最后两位亲儿子所谓的最后进化成的数码兽丑出天际，比大反派那个巨型蜂窝还要丑。其次，要突出成长的主旨可以，但是刻意黑化大可不必，女反派的内心扭曲程度跟望月芽心有的一拼，有好几幕我以为在看恐怖片。最后，所谓最后的进化也只是两位男主的进化，其他人都打酱油，素娜阿助美美只有几个镜头，还强行插入第二部那几位，不好意思青春里面真的没有那几只。近几年卖情怀的续作里，这部最差无疑。
还行,2020-07-27,二代众有惊喜，一代众八人居然没有齐聚，超进化和究极进化也不完全，有很多遗憾吧
推荐,2020-10-11,特效不错，反映的是一个情怀：人总要长大，总要放弃一些珍贵的东西。
推荐,2020-09-05,数码兽世界的乡愁，被选召的孩子们最终也要grow out of it了。出现了一代二代和Tri的人物，正经的续作。主题掐得非常好，成长和peterpan综合征的母题嵌合也很真诚动人。缺点的话……一是主题在Tri里已经讲过了所以有点陈词滥调，二是非要选一代王的两人，放着明明和主题更合适的城户丈与武之内空两个角色不用；三是进化本身并没有体现出角色成长，还是战斗打怪老套路。这片如果是十年前出，我大概会哭成狗吧。但是在初代二十年之后讲这个，当时的观众群年龄已经有点错位了哎……
力荐,2020-09-17,就算卖情怀我也看。这版的人设太符合我的想象了比起tri！——不只是卖情怀啊除了新进化很丑以外其他地方都很有诚意。听到哨子响的那一刻全身鸡皮疙瘩冒出来。怨念的地方是没有全员一起最后战斗，没有好好告别，最后的喊话有点尬。但还是超出期待值很高五星了！为什么一定要消失告别终于体会到柯南小新大雄设定的宝贵(ಥ_ಥ)
推荐,2020-06-08,喜欢，之前看过其他的
推荐,2020-08-08,不愧是20周年版，知道回馈粉丝，知道粉丝们真正想看什么，当然是初代Brave Heart进化（听到就忍不住滑泪）还有无限放大的梦Butterfly啊！！！开场几分钟就秒杀了收割情怀的重启动画。素娜的设置很棒，对于动画电影有深度了。然而很多地方都能看到神奇宝贝、火影的影子，没什么新的东西，战斗除了第一场后面也都比较水不够燃。长大会失去无限可能的设定很好懂也很悲哀，这个剧场版也献给的也包括所有已经长大的孩子，比如我！！！我们和里面被选中的孩子一样，数码宝贝既离开了，也永远陪伴。我们也是被选中的孩子啊！
较差,2020-10-27,爷青回
较差,2020-09-18,"可观的画面制作是难得的优点，而其余的，我作为老观众，也只想说——这冷饭抄得我恶心！
能给我留有较好印象的只有离别与怀旧的成长主题，而角色几乎个性全无（离别时两个主角的雷同反应更是把这个缺陷发展到极致），沦为了仅为挑动情怀而出场的工具人，带动他们的剧情也无脑得让我难以入戏，所以最后离别的煽情只是由剧集的情怀和闪现的回忆所引起，绝非这个剧场版的功劳……
用哭笑不得来形容我这次别扭的观影体验是再恰当不过了！"
力荐,2020-08-13,数次泪目，“长大后，就要分开吗？”当亚古兽问到太一这句话时，泪点瞬间就被戳中了。看数码宝贝，与其说是看情怀不如说是看我们自己，那年暑假，那个童年，后来不经意间，我们长大了，故事中的他们也长大了，但我们应该自私的将自己就禁锢在童年而不愿面对长大吗？虽然这样就能永远在一起了，但这样的一起又有什么意义呢？PS：本片有很多情怀值得回味，太一的吹口哨，阿和的吹口琴，还有最后的进化将暴龙机都震裂了，算的上是真正的爆裂进化了。最后的最后，给被选召的孩子们，也给我们自己：即使长大了，我们的心也会在一起，不代表那段记忆会磨灭，而你，是我最好的搭档。
力荐,2020-08-10,《数码宝贝》最好的剧场版，没有之一！很多的动漫剧场版是给现在的孩子们看的，而这一部的剧场版，是给现在的我们看的。
,2020-09-21,"“你长大了呢” 
“可你却一直都没变”"
还行,2020-10-30,20周年纪念剧场版，观众从少年成了大叔，动画里的小朋友也一个个变成了社畜。就像《玩具总动员3》一样，讲述的是成年人如何和童年玩伴告别的故事。小朋友会长大，数码宝贝却不会，但这样的告别依然显得强行。其实对于大部分观众来说，早已在很多年前完成了告别，再看这样的作品，也仅仅是怀旧罢了。
推荐,2020-10-30,不是“童年回来了”，而是“终于失去了童年”。
力荐,2020-04-29,外网看的，只难过数码宝贝粉丝体量太小如果今年重启的动画和电影不够卖座资本世界恐怕不会再费钱到这个IP了…… 且看且珍惜吧
较差,2020-10-02,什么狗东西
,2020-08-12,何必提醒我们已经长大呢，我们其实更想在故事里找到一点少年心气吧。 不过我的审美始终如一，从小就喜欢阿和，现在还是。
推荐,2020-10-30,带儿子一起看，他很喜欢。
推荐,2020-09-25,给童年！一定会再见的！
推荐,2020-09-30,Ben Platt的歌词形容的太好了：When you are younger You'll wish you're older Then when you're older You'll wish for time to turn around Don't let your wonder turn into closure。长大了没成长的无限可能就得脱离联系 是有点残酷 但是也挺现实的。
力荐,2020-02-22,忘记过去，活在当下，放眼未来。
力荐,2020-10-30,从小到大一直是数码兽的铁粉，当得知LAST EVOLUTION将要引进大陆院线之后就决定要去大荧幕看，个把月来一直避免被剧透，终于在2020年10月30日坐进了电影院，第一次在大荧幕感受数码兽的魅力。这部也是数码兽20年来最好的剧场版，数码兽系列已经20年了，太一也要大学毕业了，那些从小看数码宝贝的人们也已长大了，这部剧场版就是给我们的礼物啊，热泪盈眶。一定还会进化的。
还行,2020-09-05,"初代就酱紫完结了
以后的故事就留给二代吧
结局真的哭崩
为什么羁绊值不够数码宝贝的结局就是死😭
小时候好喜欢美美哦
可惜这次只是打酱油
初代8人也没怎么合体战斗
PS.我记得小时候我还画过小光的迪路兽"
较差,2020-10-30,不是贩卖情怀对我越来越不奏效了，而是觉得主创没有随着观众一起“长大”。道理我都懂，但喊出来的成长再也无法触动我了，前半又像是拿了别人不要的剧本，又或许我早已在很多年前就完成了告别。所谓的羁绊不仅是与数码宝贝，还有一起战斗的伙伴们啊，有侧重点是好事但其他人几乎直接不出场就很过分，感情的变化也是需要塑造的，忽视掉了这段连系那就不是完整的《数码宝贝》。
较差,2020-10-30,一上来就放波莱罗舞曲，然后主角和暴龙兽出场，进化，主题曲响起的时候，我都想叫上当年看数码宝贝的小朋友都去看了！但是后来感觉就像无聊的大人在说动画片太幼稚了，这么多年，你该长大了……就算想不出精彩的场面，延续开头那个路线不好吗？
还行,2020-07-28,情怀是最好的解药 但我们不能不长大
推荐,2020-10-30,"一开始情怀还是挺重的，尤其是第一季的主题曲和进化曲出来的时候几近泪崩，但是当好人和坏人的设定反转之后剧情就崩了，开始落入俗套，有些可惜。但是又和太一他们是同龄人，他们所遇到的困境我也有感受，所以总的来说还是可以吧。顶多三星，加上情怀，四星。

PS：我看电影的时候我前排有一个人在录屏，真素感人"
较差,2020-10-30,剧情太弱了，太一阿和性格同化，跟双胞胎一样，一点特色都没了，剩下的孩子们完全是背景板了。这不是我的童年，这一部作为告别，不接受
还行,2020-10-30,3星半。针对8090后的情怀贩卖之作。1.所谓成长，是失去，是离别，是向前看。2.主题曲和进化战歌一起，浑身鸡皮疙瘩。3.从小就觉得太一和阿和不对劲的我是不是有点不对劲？4.本片又名：《青春期迷途少女如何走上心理变态之路》。5.天女兽天使兽怎么弱的一X？6.就算长大成人变社畜也不要放弃自己身上的无限可能性。7.最后XX和XX消失的时候我在影厅哭成狗，那是我逝去的童年。8.不想长大是错吗？
还行,2020-09-17,整段重點放在太一跟阿和成長的苦痛，不只是面對大人生活的成長，還有與數碼寶貝的告別，其他人大概就打打醬油。而後延伸至救贖所有被選召的孩子，把成長之痛的主題烘托得高潮迭起，不過熱血刺激的戰鬥僅開場跟結尾有，還沒燃的BGM，整體基調偏生活憂鬱向。這部片主要賣情懷，畢竟道別這件事，沒看過一代的人，估計不會有淚點，但處理的方式也略感力道不足，消失的方式竟然是問個明天要幹嘛，就不見了，相信應該可以再處理得更好才對。此外，開場跟水晶之戰處理光影的方式有點不能接受，人物太亮了！即使嘉兒也可以翻成光，但也不要讓她整件衣服發光啊！這次既然特別強調前進未來這件事，那請不要再炒冷飯囉！有些美好就該在過去劃上完美的句點。話說紐約大學的教授，您日式英文說得真好。
还行,2020-10-09,我们的战争游戏 后 最好的数码宝贝
推荐,2020-10-08,感觉像是心头被挖了一块肉，长大了就不具有无限的可能性了，也就不再拥有数码兽了。
还行,2020-08-06,等了这么久终于可以看了 今年真是不容易 结尾被赚了一滴眼泪 我想请问编剧设计成其乐融融happy ending难道不香吗 但总体比四年前开始的那个tri.要好
力荐,2020-08-02,吹哨的那个画面太适合作过度解读了… 咳咳。立意和视觉和音乐都棒呆，有些画面堪比秒五，电影院啥时候开我要去哭一顿
力荐,2020-10-30,其实说实话挺好的，给童年画下个句号吧！
还行,2020-10-30,我为何要来找虐受啊…但是boss的套路也套老套了…20周年编剧不能多点诚意…就要用这种方式说再也不出新作了？我觉得这样比起来还是pokemon玩家更幸福
推荐,2020-10-09,7.5/10。情怀作，初代二代都在。孩子们也有长大的烦恼。素娜线细思极恐。
推荐,2020-10-30,4.5  最粗砺的感情表达，最是能击中当初守在电视机前的我们。我们终将长大，对童年的牵挂，再是不舍，越是强求也无非留在了过往。这时候，也要坚定不移地吹响哨子，喊出那句“战斗吧！前进啊！”可，眼泪还是会不争气地流下来，当思虑良久说出“明天，我们一起…”却再也说不下去的时候，会永远记得我们相遇的那个夏天，你最喜欢的蜜瓜味刨冰。你们，终于化作butterfly ，飞远了，留下一片绚烂的彩霞
力荐,2020-10-30,本身就是抱着哭的心态去的，果然哭成个泪人。就那种中二少年面对现实的无力感以及他们对童年珍爱的东西无可避免要逝去的悲痛感贯穿始终，黑压压的，你能怎么办呢？主角还能打一打，亚古兽和加布兽还能来一次最后的进化，你什么都做不了，只能哭了。
推荐,2020-10-25,想象中的朋友，现实中曾经的朋友，不管以后的路是否还是同一条路，都不会忘记过往和依靠，这就是成长。1988年主角们，也是陪伴我们成长的伙伴呀，希望以后不要拉出来鞭尸了。可以请回答1988
还行,2020-06-08,有很多回忆在里面的电影，名字本身已经代表很多，童年的一部分了。
推荐,2020-10-30,我们都长大了阿——结束的时候同场次的人都没有走，看模样应该都是同龄人，和太一阿和这个时候差不多大的人。等片尾曲都放完了，什么期待中的彩蛋都没有出现，然后大家愣了几秒，不约而同的笑了。“都在等什么啊？”“还以为会有什么呢......”（情怀分）
推荐,2020-07-31,人类的感情真是很奇妙的东西，当看到开篇长大后的少年少女，以及熟悉的旋律跨越时空再次出现时，你就会忍不住泪目，甚至不需要理由，只要记住曾经的陪伴与勇敢，过往的时光与故人，以及那句“梦想无限大”就是了。
还行,2020-02-23,也就图个影院里听butterfly了吧
推荐,2020-10-30,"“我们还没到对既定的未来欣然接受的年纪。这不是回忆录，是我们和数码宝贝的新故事/冒险。”
❶“总不能停留在过去；可是一旦选择了前途，就渐渐疏远了呢。”《数码宝贝》可能是当年一批童年日漫里最能唤起共情的，它与人类社会的交织最密集。初代的成年生活并没有因为选召而翻天覆地，拯救世界之余还得应对毕业论文、兼职、人生规划⋯⋯
❷“被选召的孩子们”——小时候觉得最重要的是“选召”，长大后发现更重要的是“孩子”，这也是片中提出的一点。主题的是挥别童年、少年的态度，以此设置正反派。反派是个深陷过往而执迷不悟的可怜人。可恨之人必有可怜之处，形象免于扁平。
❸懂得取舍。主要戏份交给太一、阿和，加上后辈助攻。
❹决战场景刷新蝴蝶存在感。亚古兽、加布兽承担“最后的进化”，前所未有的全新形态。"
力荐,2020-09-24,感谢数码暴龙陪伴我20年！
还行,2020-10-08,诸多不满意，但情怀让我无法给差评。太一他们长大了，现实中的我也不再是小学时候第一次看它们的模样了。为这20周年纪念剧场版暂时忍忍分开下吧，太一和亚古兽一定会在见面的，就像如今的我，也依然会看《数码宝贝》
,2020-10-26,就在电视上看过第一部，第二部的角色和合体的奥米加兽都get不到点，其他几个数码宝贝出场好少啊，算了，还是等多年以后陪小孩重温经典得了，小时候可太迷他们了，贴纸都可稀罕了
力荐,2020-05-21,每个人只能陪你一段路，迟早是要分开的。前几天重看了山河故人，看到分别就想起来，夕阳西下，让我们好好告别吧。
还行,2020-08-14,给童年一个交代
力荐,2020-10-30,没有最后樱花的那段就好了
力荐,2020-10-18,离别这个主题永远不缺泪水，特别是对童年影响深刻的数码宝贝...开头一出波莱罗舞曲就知道稳了，自带AT力场的boss更是梦回第三新东京。不过更想看的是，当被选中的少年变成了三四十岁的社畜，依然还有梦想和无限的可能吗？
还行,2020-10-30,谨以此标记录今年第一次进电影院看电影。热情、记忆、情怀都是慢慢被消磨殆尽的稀罕物件，不让人长大这种好事也只有在电影里才有。
还行,2020-10-30,就当花钱进电影院听butterfly和brave heart了好叭。
推荐,2020-09-07,又是一个关于无限月读的传说，整体内容其实不太饱满，打斗也很单一，情怀分吧
力荐,2020-07-08,我真係好撚中意數碼暴龍啊diu！
还行,2020-10-05,知道为什么都是亚古兽第一个进化吗？ 是为了告诉你，无论做什么事，先用勇气开道。 知道为什么巴达兽总是最后一个进化吗？ 那是因为当你的友情，诚实，爱心，知识，纯真和光明都被现实无情的击碎后，仍要充满希望。回忆真是个好东西，我的童年有数码宝贝这部动画真的幸福。
推荐,2020-08-13,数码世界的情怀，永无止境的成长历程，是数码宝贝的诞生。
较差,2020-10-06,除了OP一文不值
,2020-08-03,别沉湎于过去 要面向未来 即便童年如今只存在于回忆 也不要忘却那时最珍贵的一些品质 就算未来没有当初你们的陪伴 我想我也能一个人坚强地走下去
推荐,2020-10-30,熟悉的音乐出来眼泪根本忍不住，但是不是我真的已经长成毫无想象力和可能性的大人了呢，有些热血很难再打动我了，故事的结局也过于潦草，不过，这就是现实吧
力荐,2020-09-25,当熟悉的音乐响起，热泪盈眶，五星不为别的，只为他们长大成人，也为我们回不去的童年！！感谢陪伴着我们一路成长！
还行,2020-10-30,前面做了五个男孩子，应该是好朋友结伴来看，我看他们都哭了
,2020-10-30,原来我们的情怀，在别人眼里可能就是一把待收割的韭菜。
还行,2020-07-30,6/10。依旧是太一阿和拯救世界，依旧是讨论成长和黑客帝国，但情怀卖得不错，而且二代主角都登场了！可惜没看到8人组合体打怪。我是支持反派的。最后看到陪伴我童年的两小只消失还是有点感伤的，就让夏天结束在这一刻吧～
还行,2020-10-30,最精彩的是开头天使兽＋天女兽＋暴龙兽＋兽人加加鲁pk大鹦鹉，直接把我期待值拉满，可惜后面总体两个字“就这？”。最爱的神圣天使兽，迦楼罗兽和花仙兽根本查无此兽，天女兽只有开头，尼玛哦会不会卖情怀啊？？！结局当然要像TV1结局一样大家群像一起上啊如果那样我哭爆
力荐,2020-10-30,《Butterfly》(蝴蝶)的旋律响起，时光倒流，涌上心头，原来歌曲如此神奇，将记忆封存，等待开启。看到太一、阿和、阿武、嘉儿、美美等一众人物，如同和老友意外重逢，莫名的感动无以言表。整部电影，我很欣赏导演的留白。配乐没有太满，风声、流水声相伴，不煽情，不催泪。但效果意外地好，全场观众大多数哭成了泪人。
推荐,2020-10-30,很痛苦，看完后缓了很久才决心写点什么//向童年说再见这个早就用滥的主题，我想不到偏偏被用在这样一个让你措手不及的系列完结时刻//心里堵得慌，并不反对被当面指出已近准中年的大人早就该放弃那份天真，提早面对过往记忆的离别也不是多么难做的事，但是还是很痛苦//其实还是隔着电影屏幕被骂了吧：“快醒醒，你已经过了爱做梦的年纪，已经失去了选择自己未来的可能性，快打碎那些自己欺骗自己的伪装面具，你要直面自己老去的事实。就让这些过往的所谓回忆，消失在日复一日平凡生活的沙粒中，事到如今，连动画里永不衰老的主角都在告别过去，外面的你，为何还要觉得自己还能撑下去呢?”//成长就要面对离别，就要面对接受那个不断平庸的自己。只是，我还是不习惯//可能我还是没准备好吧。
推荐,2020-10-16,不逃避长大 但也保持童真 总有伙伴无条件与你并肩
,2020-07-30,少了一首《Butter-Fly》
推荐,2020-10-30,看到泪目 总要长大 总要向前看
较差,2020-10-30,焦虑的社会人来到田口监督面前，晏城地跪下说道：“神啊，我已经听您说的扔掉了我的童年，我已经是成熟的成年人了，请问您说的我还有无限的可能性，这个可能性是什么呀？”田口：“你至今为止积累的努力不会白费的，所以，不要停下来啊！我该说的，都说完了。”于是，社会人陷入了新的焦虑之中：“您……倒是告诉我答案啊……”
推荐,2020-10-30,亚古兽每一次喊“太一”都是对我回忆的一次暴击。
力荐,2020-10-29,虽然数码宝贝大冒险被喂了一堆💩，但我还是想看🤭真是哭成泪人，虽然没有写他们是如何和数码兽一一告别，但仅凭幻蝶兽一个的场景就可以猜想到是那么的痛苦，一边烧纸一边回味的童年的感觉真是太难了。。。幸亏隔壁开了新坑，不然真的要哭死。
较差,2020-10-30,我不喜欢。今年的重制版明明沿用了老版的画风，不明白这个剧场版为什要用更类似tri的画风…另外虽然太一和大和是主角，但大家对这帮孩子的记忆是八个人的，戏份实在太不平均了。最后的结局就更不要说了，编剧真不怕粉丝寄刀片？以后还想拍续集捞钱咋办？
推荐,2020-08-06,一开始听到进化的音乐，鸡皮疙瘩就一直下不去了。但是故事内容还有待于加强吧。
推荐,2020-10-30,求求了，请把我的意识抽走让我留在梦幻岛吧QAQ配合着我即将成为社畜，被选中的孩子和数码宝贝也要分开了，长大就是这么残忍吗呜呜呜
还行,2020-09-27,数码宝贝曾是我青春的一部分，在这一部中孩子们长大了，面临着成人的世界，也会有慌乱和不安，也会有迷茫和不甘，但是面对人生的必经之路，即使最后只剩自己一人，也要坚定地走下去，成长总是要面临孤独的。
力荐,2020-10-19,希望重启版里的孩子们像小智一样永远不长大。
推荐,2020-08-07,明天的明天，我相信还会有Butterfly
推荐,2020-09-09,御台场光丘再次出现鹦鹉兽，屏幕里响起熟悉的Bolero，恍惚间仿佛又到了从前。太一阿和同我们都是孩子，我们都期望有自己的数码宝贝。可是孩子们终究要长大，会迷茫，会害怕失去，会变得独立和孤独。最后的一战多么深刻和真实呀，它关于长大，关于失去关于选择关于畏惧关于梦想关于友情关于童真。长大，如何轻轻转身并面对悄悄告别和到来的这一切呢。
推荐,2020-09-06,宝可梦的世界永远不会长大，数码宝贝的故事则以宠物进化与孩子一起有成长感。成长就意味着分别，这种羁绊就像压在我们箱底的宝贝，最终难逃忘却和丢弃。剧场版的分别、战斗，煽情也就这样了，对成熟的分镜剪辑和爆燃临场感颇有好感。特别注意到很细腻的区别出主角们的视点高，宠物们的视点则要低且多望向他们的背影，真是日影才会注意的细节呀。
推荐,2020-05-18,被感動到了，阿和好帥哈哈哈哈哈
推荐,2020-10-30,虽然还是有点迷
推荐,2020-08-01,数码宝贝大冒险之成长的烦恼。非常标准情怀向大作，音乐，故事，经典桥段，角色直接情怀效果拉满，甚至二代角色亲情加盟，好处是有效规避了tri里那些不知所谓的问题，一开始就奠定了全片生离死别的剧本基调让观众做好了爆哭的准备。遗憾是相较于数码兽全片更甚于刻画人类角色，期待的各种究极体展示和大乱斗很少甚至没有，奥米加兽的几场战斗也是显得中规中矩没有亮点。大反派的理念和女神异闻录5系列中的各种伪神尤其类似，打着“为了人类好”的口号就擅自剥夺人类的愿望，记忆，成长的机会......厄俄斯兽的设计华丽有余猎奇不足，反而没有当年的超恶魔兽给人的印象深刻。没有等到本以为最后还会出现一个电脑屏幕上跳出数码蛋的彩蛋，成长和离别的主题现实而残酷，愿有朝一日还能再度梦见那个童年时津津有味盯着的电视上正在播放的数码宝贝的自己。
推荐,2020-10-30,"大学生进路教育读本（不是），也就开头战斗值得一看，还有大学的生活可太真实了2333
可能一个剧场版篇幅有限，除了大和太一boss其他人不是酱油就是工具人（心疼素娜出场即自闭）。工地英语总是破坏气氛，剧情发展是定式，台词是定式，口号也是定式，就剩一口情怀饭（真香），小学看一代高中看tri.大学看最后的进化，就在这里完结挺好的，没能尽兴继续看着他们的未来有点可惜……"
力荐,2020-09-05,受不了自己，年纪越大眼窝子越浅，最后的羁绊，最终的告别。我们长大了，故事里的主角们也都长大了，奔向自己的未来。可是啊，长大成人的代价，就是和儿时的伙伴永远地告别吗？这回忆杀的致命一击，太伤了。
推荐,2020-09-09,因为实在看不下去tri，所以根本没有报什么期待看这部，没想到是这个故事。对离别真的太敏感，导致的确落下了不争气的泪滴。
推荐,2020-07-27,"太一忙着毕业论文，阿和忙着找工作，美美准备电商创业，光子郎当了总裁，一代人一起成长的八个人，真的是在告诉我们爷的青春回不来了。
不过没有二十年的作品支撑，希望这是数码宝贝最后一部作品了，真的不想承认童年被用来消费了…"
还行,2020-10-30,本以为会很好哭，结果还是尴尬占了上峰。★★★
推荐,2020-07-29,"亚古兽：太一，你长大了呢。
太一：可你永远不会变。"
